{
    "names": {
        "fr": "Pomme",
        "en": "Apple"
    },
    "alternative_names": [],
    "uuid": "a7a12c60-1604-48ee-9991-0e4baa08006d",
    "tags": [
        "1f0ce536-a01d-4c7c-9412-d696920ea051"
    ],
    "states": {
        "f33a0e6a-0ad6-4398-a803-3edd8e19987a": {
            "measures": {
                "a4a3796e-e478-4864-86f7-bf5d17a603e1": 182,
                "5971fc0d-1c30-485e-a082-fdd0d93d484c": 149,
                "1f0ce536-a01d-4c7c-9412-d696920ea051": 223
            },
            "nutrition": {
                "energy": 52.0,
                "alcohol": 0.0,
                "ash": 0.19,
                "caffeine": 0.0,
                "water": 85.56,
                "carbs": 13.81,
                "fiber": 2.4,
                "starch": 0.05,
                "sugars": 10.39,
                "fructose": 5.9,
                "galactose": 0.0,
                "glucose": 2.43,
                "lactose": 0.0,
                "maltose": 0.0,
                "sucrose": 2.07,
                "sugar_added": 0.0,
                "sugar_alcohol": 0.807,
                "fat": 0.17,
                "monounsaturated": 0.007,
                "omega3": 0.009,
                "omega6": 0.043,
                "saturated": 0.028,
                "trans_fats": 0.0,
                "cholesterol": 0.0,
                "protein": 0.26,
                "alanine": 0.011,
                "arginine": 0.006,
                "aspartic_acid": 0.07,
                "cystine": 0.001,
                "glutamic_acid": 0.025,
                "glycine": 0.009,
                "histidine": 0.005,
                "hydroxyproline": 0.0,
                "isoleucine": 0.006,
                "leucine": 0.013,
                "lysine": 0.012,
                "methionine": 0.001,
                "phenylalanine": 0.006,
                "proline": 0.006,
                "serine": 0.01,
                "threonine": 0.006,
                "tryptophan": 0.001,
                "tyrosine": 0.001,
                "valine": 0.012,
                "b1": 0.017,
                "b2": 0.026,
                "b3": 0.091,
                "b5": 0.061,
                "b6": 0.041,
                "b12": 0.0,
                "biotin": 0.0,
                "choline": 3.4,
                "folate": 3.0,
                "a": 54.0,
                "alpha_carotene": 0.0,
                "beta_carotene": 27.0,
                "beta_cryptoxanthin": 11.0,
                "lutein_zeaxanthin": 29.0,
                "lycopene": 0.0,
                "retinol": 0.0,
                "retinol_activity_equivalent": 2.708,
                "c": 4.6,
                "d": 0.0,
                "e": 0.21,
                "beta_tocopherol": 0.0,
                "delta_tocopherol": 0.0,
                "gamma_tocopherol": 0.0,
                "k": 2.2,
                "calcium": 6.0,
                "chromium": 0.0,
                "copper": 0.027,
                "fluoride": 0.0,
                "iodine": 0.0,
                "iron": 0.12,
                "magnesium": 5.0,
                "manganese": 0.035,
                "molybdenum": 0.0,
                "phosphorus": 11.0,
                "potassium": 107.0,
                "selenium": 0.0,
                "sodium": 1.0,
                "zinc": 0.04
            }
        },
        "419d4083-4d6d-4436-a383-fc6efd601357": {
            "measures": {
                "a4a3796e-e478-4864-86f7-bf5d17a603e1": 161,
                "5971fc0d-1c30-485e-a082-fdd0d93d484c": 132,
                "1f0ce536-a01d-4c7c-9412-d696920ea051": 216
            },
            "nutrition": {
                "energy": 48.0,
                "alcohol": 0.0,
                "ash": 0.17,
                "caffeine": 0.0,
                "water": 86.67,
                "carbs": 12.76,
                "fiber": 1.3,
                "starch": 0.0,
                "sugars": 10.1,
                "fructose": 6.03,
                "galactose": 0.01,
                "glucose": 3.25,
                "lactose": 0.0,
                "maltose": 0.0,
                "sucrose": 0.82,
                "sugar_added": 0.0,
                "sugar_alcohol": 0.896,
                "fat": 0.13,
                "monounsaturated": 0.005,
                "omega3": 0.007,
                "omega6": 0.031,
                "saturated": 0.021,
                "trans_fats": 0.0,
                "cholesterol": 0.0,
                "protein": 0.27,
                "alanine": 0.012,
                "arginine": 0.006,
                "aspartic_acid": 0.074,
                "cystine": 0.001,
                "glutamic_acid": 0.026,
                "glycine": 0.009,
                "histidine": 0.005,
                "hydroxyproline": 0.0,
                "isoleucine": 0.006,
                "leucine": 0.014,
                "lysine": 0.013,
                "methionine": 0.001,
                "phenylalanine": 0.007,
                "proline": 0.006,
                "serine": 0.011,
                "threonine": 0.006,
                "tryptophan": 0.001,
                "tyrosine": 0.001,
                "valine": 0.012,
                "b1": 0.019,
                "b2": 0.028,
                "b3": 0.091,
                "b5": 0.071,
                "b6": 0.037,
                "b12": 0.0,
                "biotin": 0.0,
                "choline": 3.4,
                "folate": 0.0,
                "a": 38.0,
                "alpha_carotene": 0.0,
                "beta_carotene": 17.0,
                "beta_cryptoxanthin": 13.0,
                "lutein_zeaxanthin": 18.0,
                "lycopene": 0.0,
                "retinol": 0.0,
                "retinol_activity_equivalent": 1.958,
                "c": 4.0,
                "d": 0.0,
                "e": 0.05,
                "beta_tocopherol": 0.01,
                "delta_tocopherol": 0.0,
                "gamma_tocopherol": 0.0,
                "k": 0.6,
                "calcium": 5.0,
                "chromium": 0.0,
                "copper": 0.031,
                "fluoride": 0.0,
                "iodine": 0.0,
                "iron": 0.07,
                "magnesium": 4.0,
                "manganese": 0.038,
                "molybdenum": 0.0,
                "phosphorus": 11.0,
                "potassium": 90.0,
                "selenium": 0.0,
                "sodium": 0.0,
                "zinc": 0.05
            }
        }
    }
}