{
    "names": {
        "fr": "Nom de l'aliment",
        "en": "Name of the aliment"
    },
    "alternative_names": [
        {"fr": "Deuxieme nom"},
        {"en": "Second name"}
    ],
    "uuid": "UNIQUE ID: https://www.uuidgenerator.net/version4",
    "tags": [
        "tag_uuid1", "tag_uuid2"
    ],
    "states": {
        "state_uuid": {
            "measures": {
                "measure_uuid": "Quantity in g for one unit of measure"
            },
            "nutrition": {
                "energy": "kcal",
                "alcohol": "g",
                "ash": "g",
                "caffeine": "mg",
                "water": "g",
    
                "carbs": "g",
                "fiber": "g",
                "starch": "g",
                "sugars": "g",
                "fructose": "g",
                "galactose": "g",
                "glucose": "g",
                "lactose": "g",
                "maltose": "g",
                "sucrose": "g",
                "sugar_added": "g",
                "sugar_alcohol": "g",
    
                "fat": "g",
                "monounsaturated": "g",
                "omega3": "g",
                "omega6": "g",
                "saturated": "g",
                "trans_fats": "g",
                "cholesterol": "mg",
    
                "protein": "g",
                "alanine": "g",
                "arginine": "g",
                "aspartic_acid": "g",
                "cystine": "g",
                "glutamic_acid": "g",
                "glycine": "g",
                "histidine": "g",
                "hydroxyproline": "g",
                "isoleucine": "g",
                "leucine": "g",
                "lysine": "g",
                "methionine": "g",
                "phenylalanine": "g",
                "proline": "g",
                "serine": "g",
                "threonine": "g",
                "tryptophan": "g",
                "tyrosine": "g",
                "valine": "g",
    
                "b1": "mg",
                "b2": "mg",
                "b3": "mg",
                "b5": "mg",
                "b6": "mg",
                "b12": "µg",
                "biotin": "µg",
                "choline": "mg",
                "folate": "µg",
                "a": "IU",
                "alpha_carotene": "µg",
                "beta_carotene": "µg",
                "beta_cryptoxanthin": "µg",
                "lutein_zeaxanthin": "µg",
                "lycopene": "µg",
                "retinol": "µg",
                "retinol_activity_equivalent": "µg",
                "c": "mg",
                "d": "IU",
                "e": "mg",
                "beta_tocopherol": "mg",
                "delta_tocopherol": "mg",
                "gamma_tocopherol": "mg",
                "k": "µg",
    
                "calcium": "mg",
                "chromium": "µg",
                "copper": "mg",
                "fluoride": "µg",
                "iodine": "µg",
                "iron": "mg",
                "magnesium": "mg",
                "manganese": "mg",
                "molybdenum": "µg",
                "phosphorus": "mg",
                "potassium": "mg",
                "selenium": "µg",
                "sodium": "mg",
                "zinc": "mg"
            }
        }
    }
}