{
    "uuid": "UNIQUE ID: https://www.uuidgenerator.net/version4",
    "names": {
        "fr": "Nom du tag",
        "en": "Name of the tag"
    },
    "steps": [
        {
            "uuid": "ID",
            "parent_id": "STEP_ID",
            "aliments": [
                {
                    "aliment_id": "ID",
                    "quantity": "g"
                }
            ],
            "receipes": [
                {
                    "receipe_id": "ID"
                }
            ]
        }
    ]
}